task_id,campaign_queue,priority,priority_score,name,quality_tier,word_count,citations_count,citation_density,structural_health,has_infobox,pagerank_authority,in_degree,recommended_action
SPRINT-0001,Stub Expansion,P1 - Critical,100.0,Higgs Boson,Stub Class,197,1,5.08,37.9,False,0.01264934282619524,61,Expand lead section beyond stub threshold (>500 words) and add at least 2 structured subheadings.
SPRINT-0002,Stub Expansion,P1 - Critical,98.6,Nile River Basin,Stub Class,148,2,13.51,44.37,False,0.022608487058962953,60,Expand lead section beyond stub threshold (>500 words) and add at least 2 structured subheadings.
SPRINT-0003,Stub Expansion,P1 - Critical,97.1,Public Health,Start Class,333,3,9.01,64.67,True,0.02061043513539955,59,Expand lead section beyond stub threshold (>500 words) and add at least 2 structured subheadings.
SPRINT-0004,TemplateData Infobox,P1 - Critical,96.6,Bauhaus Movement,C Class,2087,16,7.67,69.2,False,0.015265786011670404,61,Integrate TemplateData Infobox with at least 8 key biographical/domain parameters.
SPRINT-0005,Stub Expansion,P1 - Critical,95.7,Mount Everest,Stub Class,263,0,0.0,25.86,False,0.01673425922171307,58,Expand lead section beyond stub threshold (>500 words) and add at least 2 structured subheadings.
SPRINT-0006,TemplateData Infobox,P1 - Critical,95.6,Byzantine Empire,C Class,2134,11,5.15,59.2,False,0.02012451464332761,53,Integrate TemplateData Infobox with at least 8 key biographical/domain parameters.
SPRINT-0007,#1Lib1Ref Citation Deficit,P1 - Critical,95.4,Renaissance Art,Start Class,2560,1,0.39,70.35,True,0.0186730764885819,39,Add inline reliable citations (#1Lib1Ref). Target at least 20 secondary sources.
SPRINT-0008,TemplateData Infobox,P1 - Critical,94.6,Antarctic Ice Sheet,C Class,1893,8,4.23,55.39,False,0.006786014129416989,55,Integrate TemplateData Infobox with at least 8 key biographical/domain parameters.
SPRINT-0009,Stub Expansion,P1 - Critical,93.6,Ring of Fire,Stub Class,263,0,0.0,31.2,False,0.010560529145536885,57,Expand lead section beyond stub threshold (>500 words) and add at least 2 structured subheadings.
SPRINT-0010,Stub Expansion,P1 - Critical,93.6,Kabuki Theatre,Stub Class,79,2,25.32,37.74,False,0.02018897979177872,57,Expand lead section beyond stub threshold (>500 words) and add at least 2 structured subheadings.
SPRINT-0011,Stub Expansion,P1 - Critical,91.4,Homeric Epics,Stub Class,256,0,0.0,31.06,False,0.0166231327267477,55,Expand lead section beyond stub threshold (>500 words) and add at least 2 structured subheadings.
SPRINT-0012,TemplateData Infobox,P1 - Critical,91.2,Sociology of Knowledge,C Class,1716,11,6.41,63.28,False,0.021692885495870607,45,Integrate TemplateData Infobox with at least 8 key biographical/domain parameters.
SPRINT-0013,Stub Expansion,P1 - Critical,90.0,Mesopotamia,Stub Class,240,1,4.17,35.57,False,0.014757840740897735,54,Expand lead section beyond stub threshold (>500 words) and add at least 2 structured subheadings.
SPRINT-0014,TemplateData Infobox,P1 - Critical,88.7,Mariana Trench,C Class,1419,7,4.93,54.33,False,0.01574176439099697,50,Integrate TemplateData Infobox with at least 8 key biographical/domain parameters.
SPRINT-0015,Stub Expansion,P1 - Critical,88.6,Constitutional Law,Stub Class,143,1,6.99,35.74,False,0.009442901445232856,52,Expand lead section beyond stub threshold (>500 words) and add at least 2 structured subheadings.
SPRINT-0016,Stub Expansion,P1 - Critical,87.1,CRISPR Gene Editing,Stub Class,147,1,6.8,36.94,False,0.012361135635085906,41,Expand lead section beyond stub threshold (>500 words) and add at least 2 structured subheadings.
SPRINT-0017,#1Lib1Ref Citation Deficit,P1 - Critical,85.6,Surrealism,Start Class,739,2,2.71,42.56,False,0.01290332220651889,62,Add inline reliable citations (#1Lib1Ref). Target at least 6 secondary sources.
SPRINT-0018,TemplateData Infobox,P1 - Critical,80.4,Lake Baikal,C Class,1221,14,11.47,65.34,False,0.015058094684700525,52,Integrate TemplateData Infobox with at least 8 key biographical/domain parameters.
SPRINT-0019,#1Lib1Ref Citation Deficit,P2 - High,74.7,Behavioral Economics,Start Class,659,1,1.52,52.66,True,0.00890973375324468,55,Add inline reliable citations (#1Lib1Ref). Target at least 5 secondary sources.
SPRINT-0020,TemplateData Infobox,P2 - High,72.3,Introduction to Classical Music (Vol. 6),C Class,2151,15,6.97,67.71,False,0.00030120481927710846,0,Integrate TemplateData Infobox with at least 8 key biographical/domain parameters.
SPRINT-0021,TemplateData Infobox,P2 - High,71.8,Global Impact of Microbiome,C Class,2144,9,4.2,59.93,False,0.00030120481927710846,0,Integrate TemplateData Infobox with at least 8 key biographical/domain parameters.
SPRINT-0022,TemplateData Infobox,P2 - High,71.6,Space Race,C Class,1009,9,8.92,63.05,False,0.03449060617353381,64,Integrate TemplateData Infobox with at least 8 key biographical/domain parameters.
SPRINT-0023,TemplateData Infobox,P2 - High,71.1,Deep Learning,C Class,941,12,12.75,62.77,False,0.012134366376879988,66,Integrate TemplateData Infobox with at least 8 key biographical/domain parameters.
SPRINT-0024,#1Lib1Ref Citation Deficit,P2 - High,71.0,Critique of Graphene (Vol. 4),Start Class,2799,1,0.36,64.94,True,0.00030120481927710846,0,Add inline reliable citations (#1Lib1Ref). Target at least 22 secondary sources.
SPRINT-0025,#1Lib1Ref Citation Deficit,P2 - High,70.3,Contemporary Ancient Alexandria (Vol. 3),Start Class,2776,0,0.0,69.59,True,0.00030120481927710846,0,Add inline reliable citations (#1Lib1Ref). Target at least 22 secondary sources.
SPRINT-0026,TemplateData Infobox,P2 - High,70.3,Introduction to Silk Road,C Class,1926,9,4.67,56.74,False,0.00030120481927710846,0,Integrate TemplateData Infobox with at least 8 key biographical/domain parameters.
SPRINT-0027,#1Lib1Ref Citation Deficit,P2 - High,69.7,Principles of Meiji Restoration,Start Class,2744,1,0.36,67.34,True,0.00030120481927710846,0,Add inline reliable citations (#1Lib1Ref). Target at least 22 secondary sources.
SPRINT-0028,TemplateData Infobox,P2 - High,69.4,History of Great Barrier Reef,C Class,1770,10,5.65,58.37,False,0.00030120481927710846,0,Integrate TemplateData Infobox with at least 8 key biographical/domain parameters.
SPRINT-0029,#1Lib1Ref Citation Deficit,P2 - High,69.0,History of Sociology of Knowledge,Start Class,2694,1,0.37,67.26,True,0.00030120481927710846,0,Add inline reliable citations (#1Lib1Ref). Target at least 22 secondary sources.
SPRINT-0030,#1Lib1Ref Citation Deficit,P2 - High,68.4,Introduction to Nile River Basin,Start Class,2653,0,0.0,69.35,True,0.00030120481927710846,0,Add inline reliable citations (#1Lib1Ref). Target at least 21 secondary sources.
SPRINT-0031,TemplateData Infobox,P2 - High,68.4,Future Trends in Mariana Trench,C Class,1643,10,6.09,58.64,False,0.00030120481927710846,0,Integrate TemplateData Infobox with at least 8 key biographical/domain parameters.
SPRINT-0032,TemplateData Infobox,P2 - High,67.9,Future Trends in James Webb Space Telescope,C Class,1569,12,7.65,65.27,False,0.00030120481927710846,0,Integrate TemplateData Infobox with at least 8 key biographical/domain parameters.
SPRINT-0033,#1Lib1Ref Citation Deficit,P2 - High,67.8,Foundations of Dark Matter,Start Class,2570,1,0.39,67.87,True,0.00030120481927710846,0,Add inline reliable citations (#1Lib1Ref). Target at least 21 secondary sources.
SPRINT-0034,TemplateData Infobox,P2 - High,67.4,Introduction to Photosynthesis,C Class,1546,13,8.41,66.93,False,0.00030120481927710846,0,Integrate TemplateData Infobox with at least 8 key biographical/domain parameters.
SPRINT-0035,TemplateData Infobox,P2 - High,66.9,Principles of Impressionism,C Class,1542,9,5.84,60.66,False,0.00030120481927710846,0,Integrate TemplateData Infobox with at least 8 key biographical/domain parameters.
SPRINT-0036,#1Lib1Ref Citation Deficit,P2 - High,66.5,Philosophy of Magna Carta (Vol. 10),Start Class,2545,0,0.0,65.8,True,0.00030120481927710846,0,Add inline reliable citations (#1Lib1Ref). Target at least 20 secondary sources.
SPRINT-0037,TemplateData Infobox,P2 - High,66.4,Global Impact of Ottoman Empire (Vol. 5),C Class,1440,11,7.64,60.87,False,0.00030120481927710846,0,Integrate TemplateData Infobox with at least 8 key biographical/domain parameters.
SPRINT-0038,TemplateData Infobox,P2 - High,65.9,Foundations of Behavioral Economics,C Class,1433,9,6.28,55.6,False,0.00030120481927710846,0,Integrate TemplateData Infobox with at least 8 key biographical/domain parameters.
SPRINT-0039,#1Lib1Ref Citation Deficit,P2 - High,65.9,Philosophy of Renaissance Art,Start Class,2541,1,0.39,66.98,True,0.00030120481927710846,0,Add inline reliable citations (#1Lib1Ref). Target at least 20 secondary sources.
SPRINT-0040,TemplateData Infobox,P2 - High,65.7,Universal Declaration of Human Rights,C Class,820,10,12.2,64.18,False,0.01731536435217266,58,Integrate TemplateData Infobox with at least 8 key biographical/domain parameters.
SPRINT-0041,TemplateData Infobox,P2 - High,65.7,Surrealism,Start Class,739,2,2.71,42.56,False,0.01290332220651889,62,Integrate TemplateData Infobox with at least 8 key biographical/domain parameters.
SPRINT-0042,TemplateData Infobox,P2 - High,65.4,Plate Tectonics,C Class,908,8,8.81,58.4,False,0.017485400020978155,47,Integrate TemplateData Infobox with at least 8 key biographical/domain parameters.
SPRINT-0043,#1Lib1Ref Citation Deficit,P2 - High,65.2,Principles of Artificial Intelligence,Start Class,2288,2,0.87,67.75,True,0.00030120481927710846,0,Add inline reliable citations (#1Lib1Ref). Target at least 18 secondary sources.
SPRINT-0044,TemplateData Infobox,P2 - High,65.0,Contemporary Space Race,C Class,1410,17,12.06,71.23,False,0.00030120481927710846,0,Integrate TemplateData Infobox with at least 8 key biographical/domain parameters.
SPRINT-0045,#1Lib1Ref Citation Deficit,P2 - High,64.6,Foundations of Film Noir,Start Class,2211,0,0.0,65.06,True,0.00030120481927710846,0,Add inline reliable citations (#1Lib1Ref). Target at least 18 secondary sources.
SPRINT-0046,TemplateData Infobox,P2 - High,64.5,Philosophy of Industrial Revolution,C Class,1382,4,2.89,49.33,False,0.00030120481927710846,0,Integrate TemplateData Infobox with at least 8 key biographical/domain parameters.
SPRINT-0047,TemplateData Infobox,P2 - High,64.0,Philosophy of James Webb Space Telescope (Vol. 4),C Class,1353,8,5.91,59.48,False,0.00030120481927710846,0,Integrate TemplateData Infobox with at least 8 key biographical/domain parameters.
SPRINT-0048,#1Lib1Ref Citation Deficit,P2 - High,64.0,History of Universal Declaration of Human Rights,Start Class,2099,2,0.95,67.41,True,0.00030120481927710846,0,Add inline reliable citations (#1Lib1Ref). Target at least 17 secondary sources.
SPRINT-0049,TemplateData Infobox,P2 - High,63.5,Advanced Behavioral Economics,C Class,1350,6,4.44,56.06,False,0.00030120481927710846,0,Integrate TemplateData Infobox with at least 8 key biographical/domain parameters.
SPRINT-0050,#1Lib1Ref Citation Deficit,P2 - High,63.3,History of Superconductivity (Vol. 9),Start Class,2008,1,0.5,69.24,True,0.00030120481927710846,0,Add inline reliable citations (#1Lib1Ref). Target at least 16 secondary sources.
SPRINT-0051,#1Lib1Ref Citation Deficit,P2 - High,62.7,Philosophy of Harappan Civilization (Vol. 3),Start Class,1992,1,0.5,65.86,True,0.00030120481927710846,0,Add inline reliable citations (#1Lib1Ref). Target at least 16 secondary sources.
SPRINT-0052,TemplateData Infobox,P2 - High,62.7,History of Harappan Civilization,C Class,1336,4,2.99,52.63,False,0.00030120481927710846,0,Integrate TemplateData Infobox with at least 8 key biographical/domain parameters.
SPRINT-0053,TemplateData Infobox,P2 - High,62.7,Future Trends in Existentialism,C Class,1336,15,11.23,66.41,False,0.00030120481927710846,0,Integrate TemplateData Infobox with at least 8 key biographical/domain parameters.
SPRINT-0054,#1Lib1Ref Citation Deficit,P2 - High,62.1,Regional Study on Meiji Restoration,Start Class,1882,1,0.53,65.61,True,0.00030120481927710846,0,Add inline reliable citations (#1Lib1Ref). Target at least 15 secondary sources.
SPRINT-0055,TemplateData Infobox,P2 - High,62.0,Global Impact of Antarctic Ice Sheet (Vol. 3),C Class,1324,6,4.53,52.76,False,0.00030120481927710846,0,Integrate TemplateData Infobox with at least 8 key biographical/domain parameters.
SPRINT-0056,TemplateData Infobox,P2 - High,61.5,Foundations of Antarctic Ice Sheet,C Class,1317,11,8.35,64.8,False,0.00030120481927710846,0,Integrate TemplateData Infobox with at least 8 key biographical/domain parameters.
SPRINT-0057,#1Lib1Ref Citation Deficit,P2 - High,61.4,Global Impact of Quantum Computing,Start Class,1571,0,0.0,63.27,True,0.00030120481927710846,0,Add inline reliable citations (#1Lib1Ref). Target at least 13 secondary sources.
SPRINT-0058,#1Lib1Ref Citation Deficit,P2 - High,61.1,Existentialism,Start Class,562,1,1.78,55.38,True,0.016899180818020085,55,Add inline reliable citations (#1Lib1Ref). Target at least 4 secondary sources.
SPRINT-0059,TemplateData Infobox,P2 - High,61.0,History of Epistemology,C Class,1308,11,8.41,64.85,False,0.00030120481927710846,0,Integrate TemplateData Infobox with at least 8 key biographical/domain parameters.
SPRINT-0060,#1Lib1Ref Citation Deficit,P2 - High,60.8,Contemporary Industrial Revolution,Start Class,1352,0,0.0,62.48,True,0.00030120481927710846,0,Add inline reliable citations (#1Lib1Ref). Target at least 11 secondary sources.
SPRINT-0061,TemplateData Infobox,P2 - High,60.5,Applications of Mariana Trench,C Class,1296,9,6.94,56.06,False,0.00030120481927710846,0,Integrate TemplateData Infobox with at least 8 key biographical/domain parameters.
SPRINT-0062,#1Lib1Ref Citation Deficit,P2 - High,60.2,Future Trends in Sahara Desert (Vol. 9),Start Class,1351,1,0.74,64.18,True,0.00030120481927710846,0,Add inline reliable citations (#1Lib1Ref). Target at least 11 secondary sources.
SPRINT-0063,TemplateData Infobox,P2 - High,60.0,Principles of Magna Carta,C Class,1295,5,3.86,54.37,False,0.00030120481927710846,0,Integrate TemplateData Infobox with at least 8 key biographical/domain parameters.
SPRINT-0064,TemplateData Infobox,P2 - High,59.6,Philosophy of Space Race,C Class,1256,11,8.76,63.16,False,0.00030120481927710846,0,Integrate TemplateData Infobox with at least 8 key biographical/domain parameters.
SPRINT-0065,#1Lib1Ref Citation Deficit,P2 - High,59.5,Foundations of Nile River Basin,Start Class,1283,2,1.56,65.74,True,0.00030120481927710846,0,Add inline reliable citations (#1Lib1Ref). Target at least 10 secondary sources.
SPRINT-0066,TemplateData Infobox,P2 - High,59.1,Philosophy of Harappan Civilization,C Class,1250,15,12.0,66.06,False,0.00030120481927710846,0,Integrate TemplateData Infobox with at least 8 key biographical/domain parameters.
SPRINT-0067,#1Lib1Ref Citation Deficit,P2 - High,58.8,Postmodern Literature,Start Class,529,3,5.67,61.35,True,0.019607772475625763,56,Add inline reliable citations (#1Lib1Ref). Target at least 4 secondary sources.
SPRINT-0068,TemplateData Infobox,P2 - High,58.6,Introduction to Dark Matter,C Class,1247,7,5.61,52.67,False,0.00030120481927710846,0,Integrate TemplateData Infobox with at least 8 key biographical/domain parameters.
SPRINT-0069,#1Lib1Ref Citation Deficit,P2 - High,58.3,Applications of Superconductivity (Vol. 10),Start Class,724,2,2.76,56.03,True,0.00030120481927710846,0,Add inline reliable citations (#1Lib1Ref). Target at least 6 secondary sources.
SPRINT-0070,TemplateData Infobox,P2 - High,58.1,Foundations of Sahara Desert (Vol. 1),C Class,1242,9,7.25,61.64,False,0.00030120481927710846,0,Integrate TemplateData Infobox with at least 8 key biographical/domain parameters.
SPRINT-0071,TemplateData Infobox,P2 - High,57.6,Introduction to Thermodynamics,C Class,1232,6,4.87,56.23,False,0.00030120481927710846,0,Integrate TemplateData Infobox with at least 8 key biographical/domain parameters.
SPRINT-0072,#1Lib1Ref Citation Deficit,P2 - High,57.6,Introduction to Epistemology,Start Class,721,2,2.77,42.52,False,0.00030120481927710846,0,Add inline reliable citations (#1Lib1Ref). Target at least 6 secondary sources.
SPRINT-0073,TemplateData Infobox,P2 - High,57.1,Contemporary Ring of Fire,C Class,1229,7,5.7,58.06,False,0.00030120481927710846,0,Integrate TemplateData Infobox with at least 8 key biographical/domain parameters.
SPRINT-0074,#1Lib1Ref Citation Deficit,P2 - High,56.7,Principles of Magna Carta (Vol. 3),Start Class,711,3,4.22,41.23,False,0.00030120481927710846,0,Add inline reliable citations (#1Lib1Ref). Target at least 6 secondary sources.
SPRINT-0075,#1Lib1Ref Citation Deficit,P2 - High,56.7,Applications of Homeric Epics,Start Class,711,2,2.81,42.51,False,0.00030120481927710846,0,Add inline reliable citations (#1Lib1Ref). Target at least 6 secondary sources.
SPRINT-0076,TemplateData Infobox,P2 - High,56.1,Contemporary Graphene (Vol. 1),C Class,1210,10,8.26,60.28,False,0.00030120481927710846,0,Integrate TemplateData Infobox with at least 8 key biographical/domain parameters.
SPRINT-0077,#1Lib1Ref Citation Deficit,P2 - High,55.7,Regional Study on Bauhaus Movement,C Class,707,3,4.24,59.06,True,0.00030120481927710846,0,Add inline reliable citations (#1Lib1Ref). Target at least 6 secondary sources.
SPRINT-0078,TemplateData Infobox,P2 - High,55.6,Contemporary CRISPR Gene Editing (Vol. 8),C Class,1202,11,9.15,60.18,False,0.00030120481927710846,0,Integrate TemplateData Infobox with at least 8 key biographical/domain parameters.
SPRINT-0079,TemplateData Infobox,P2 - High,55.1,Critique of Graphene (Vol. 3),C Class,1199,11,9.17,62.2,False,0.00030120481927710846,0,Integrate TemplateData Infobox with at least 8 key biographical/domain parameters.
SPRINT-0080,#1Lib1Ref Citation Deficit,P2 - High,55.1,Principles of Game Theory,C Class,701,3,4.28,58.24,True,0.00030120481927710846,0,Add inline reliable citations (#1Lib1Ref). Target at least 6 secondary sources.
SPRINT-0081,TemplateData Infobox,P2 - High,54.7,Contemporary Graphene,C Class,1195,10,8.37,63.71,False,0.00030120481927710846,0,Integrate TemplateData Infobox with at least 8 key biographical/domain parameters.
SPRINT-0082,#1Lib1Ref Citation Deficit,P2 - High,54.5,Contemporary Quantum Computing (Vol. 4),C Class,696,3,4.31,44.58,False,0.00030120481927710846,0,Add inline reliable citations (#1Lib1Ref). Target at least 6 secondary sources.
SPRINT-0083,TemplateData Infobox,P2 - High,54.2,Global Impact of Behavioral Economics,C Class,1189,6,5.05,56.31,False,0.00030120481927710846,0,Integrate TemplateData Infobox with at least 8 key biographical/domain parameters.
SPRINT-0084,#1Lib1Ref Citation Deficit,P2 - High,53.8,Regional Study on Great Barrier Reef (Vol. 2),C Class,695,3,4.32,44.59,False,0.00030120481927710846,0,Add inline reliable citations (#1Lib1Ref). Target at least 6 secondary sources.
SPRINT-0085,TemplateData Infobox,P2 - High,53.7,Critique of Ottoman Empire (Vol. 7),C Class,1188,10,8.42,60.43,False,0.00030120481927710846,0,Integrate TemplateData Infobox with at least 8 key biographical/domain parameters.
SPRINT-0086,TemplateData Infobox,P2 - High,53.4,Epistemology,Start Class,543,4,7.37,45.13,False,0.01681782861953403,67,Integrate TemplateData Infobox with at least 8 key biographical/domain parameters.
SPRINT-0087,#1Lib1Ref Citation Deficit,P2 - High,53.2,Future Trends in Space Race,Start Class,690,2,2.9,43.82,False,0.00030120481927710846,0,Add inline reliable citations (#1Lib1Ref). Target at least 6 secondary sources.
SPRINT-0088,TemplateData Infobox,P2 - High,53.2,Regional Study on Mesopotamia,C Class,1187,7,5.9,54.84,False,0.00030120481927710846,0,Integrate TemplateData Infobox with at least 8 key biographical/domain parameters.
SPRINT-0089,#1Lib1Ref Citation Deficit,P2 - High,52.6,History of Sahara Desert,Start Class,689,1,1.45,55.96,True,0.00030120481927710846,0,Add inline reliable citations (#1Lib1Ref). Target at least 6 secondary sources.
SPRINT-0090,TemplateData Infobox,P2 - High,52.5,Principles of James Webb Space Telescope,C Class,1174,10,8.52,63.85,False,0.00030120481927710846,0,Integrate TemplateData Infobox with at least 8 key biographical/domain parameters.
SPRINT-0091,TemplateData Infobox,P2 - High,52.5,Global Impact of Impressionism,C Class,1174,10,8.52,63.85,False,0.00030120481927710846,0,Integrate TemplateData Infobox with at least 8 key biographical/domain parameters.
SPRINT-0092,#1Lib1Ref Citation Deficit,P2 - High,51.9,Global Impact of Classical Music (Vol. 2),Start Class,685,1,1.46,39.02,False,0.00030120481927710846,0,Add inline reliable citations (#1Lib1Ref). Target at least 5 secondary sources.
SPRINT-0093,TemplateData Infobox,P2 - High,51.7,Global Impact of Higgs Boson,C Class,1137,10,8.8,64.1,False,0.00030120481927710846,0,Integrate TemplateData Infobox with at least 8 key biographical/domain parameters.
SPRINT-0094,#1Lib1Ref Citation Deficit,P2 - High,51.3,Principles of Homeric Epics (Vol. 6),Start Class,683,1,1.46,41.01,False,0.00030120481927710846,0,Add inline reliable citations (#1Lib1Ref). Target at least 5 secondary sources.
SPRINT-0095,TemplateData Infobox,P2 - High,51.2,Regional Study on Artificial Intelligence (Vol. 2),C Class,1130,13,11.5,64.33,False,0.00030120481927710846,0,Integrate TemplateData Infobox with at least 8 key biographical/domain parameters.
SPRINT-0096,#1Lib1Ref Citation Deficit,P2 - High,50.7,Contemporary Antarctic Ice Sheet (Vol. 6),Start Class,678,2,2.95,41.8,False,0.00030120481927710846,0,Add inline reliable citations (#1Lib1Ref). Target at least 5 secondary sources.
SPRINT-0097,TemplateData Infobox,P2 - High,50.7,Principles of Meiji Restoration (Vol. 8),C Class,1124,6,5.34,56.45,False,0.00030120481927710846,0,Integrate TemplateData Infobox with at least 8 key biographical/domain parameters.
SPRINT-0098,TemplateData Infobox,P2 - High,50.2,Future Trends in Space Race (Vol. 5),C Class,1115,9,8.07,60.3,False,0.00030120481927710846,0,Integrate TemplateData Infobox with at least 8 key biographical/domain parameters.
SPRINT-0099,#1Lib1Ref Citation Deficit,P2 - High,50.0,Regional Study on Great Barrier Reef,Start Class,674,2,2.97,55.47,True,0.00030120481927710846,0,Add inline reliable citations (#1Lib1Ref). Target at least 5 secondary sources.
SPRINT-0100,TemplateData Infobox,P2 - High,49.8,Global Impact of Behavioral Economics (Vol. 8),C Class,1111,11,9.9,62.89,False,0.00030120481927710846,0,Integrate TemplateData Infobox with at least 8 key biographical/domain parameters.
SPRINT-0101,#1Lib1Ref Citation Deficit,P2 - High,49.4,Future Trends in Magna Carta,C Class,660,3,4.55,43.33,False,0.00030120481927710846,0,Add inline reliable citations (#1Lib1Ref). Target at least 5 secondary sources.
SPRINT-0102,TemplateData Infobox,P2 - High,49.3,Applications of Classical Music,C Class,1109,10,9.02,62.3,False,0.00030120481927710846,0,Integrate TemplateData Infobox with at least 8 key biographical/domain parameters.
SPRINT-0103,TemplateData Infobox,P2 - High,48.8,Advanced Bauhaus Movement (Vol. 3),C Class,1101,12,10.9,66.93,False,0.00030120481927710846,0,Integrate TemplateData Infobox with at least 8 key biographical/domain parameters.
SPRINT-0104,TemplateData Infobox,P2 - High,48.3,Introduction to Byzantine Empire,C Class,1098,4,3.64,52.57,False,0.00030120481927710846,0,Integrate TemplateData Infobox with at least 8 key biographical/domain parameters.
SPRINT-0105,TemplateData Infobox,P2 - High,47.8,Principles of CRISPR Gene Editing (Vol. 4),C Class,1082,12,11.09,63.5,False,0.00030120481927710846,0,Integrate TemplateData Infobox with at least 8 key biographical/domain parameters.
SPRINT-0106,#1Lib1Ref Citation Deficit,P2 - High,47.8,Regional Study on Meiji Restoration (Vol. 9),Start Class,657,2,3.04,38.44,False,0.00030120481927710846,0,Add inline reliable citations (#1Lib1Ref). Target at least 5 secondary sources.
SPRINT-0107,#1Lib1Ref Citation Deficit,P2 - High,47.8,Regional Study on Plate Tectonics,Start Class,657,1,1.52,49.31,True,0.00030120481927710846,0,Add inline reliable citations (#1Lib1Ref). Target at least 5 secondary sources.
SPRINT-0108,TemplateData Infobox,P2 - High,47.3,History of Behavioral Economics,C Class,1056,10,9.47,59.38,False,0.00030120481927710846,0,Integrate TemplateData Infobox with at least 8 key biographical/domain parameters.
SPRINT-0109,#1Lib1Ref Citation Deficit,P2 - High,46.9,Introduction to Space Race,Start Class,654,2,3.06,59.53,True,0.00030120481927710846,0,Add inline reliable citations (#1Lib1Ref). Target at least 5 secondary sources.
SPRINT-0110,TemplateData Infobox,P2 - High,46.8,Introduction to Existentialism,C Class,1044,10,9.58,61.49,False,0.00030120481927710846,0,Integrate TemplateData Infobox with at least 8 key biographical/domain parameters.
SPRINT-0111,TemplateData Infobox,P2 - High,46.3,Philosophy of Graphene,C Class,1035,7,6.76,58.74,False,0.00030120481927710846,0,Integrate TemplateData Infobox with at least 8 key biographical/domain parameters.
SPRINT-0112,#1Lib1Ref Citation Deficit,P2 - High,46.2,Regional Study on Sahara Desert,Start Class,653,2,3.06,43.77,False,0.00030120481927710846,0,Add inline reliable citations (#1Lib1Ref). Target at least 5 secondary sources.
SPRINT-0113,TemplateData Infobox,P2 - High,45.8,Introduction to Space Race (Vol. 7),C Class,1031,8,7.76,58.82,False,0.00030120481927710846,0,Integrate TemplateData Infobox with at least 8 key biographical/domain parameters.
SPRINT-0114,#1Lib1Ref Citation Deficit,P2 - High,45.6,Applications of Impressionism,Start Class,650,1,1.54,53.37,True,0.00030120481927710846,0,Add inline reliable citations (#1Lib1Ref). Target at least 5 secondary sources.
SPRINT-0115,TemplateData Infobox,P2 - High,45.3,Applications of Quantum Computing (Vol. 2),C Class,1016,6,5.91,56.77,False,0.00030120481927710846,0,Integrate TemplateData Infobox with at least 8 key biographical/domain parameters.
SPRINT-0116,#1Lib1Ref Citation Deficit,P2 - High,45.0,Global Impact of Sahara Desert,Start Class,641,3,4.68,44.7,False,0.00030120481927710846,0,Add inline reliable citations (#1Lib1Ref). Target at least 5 secondary sources.
SPRINT-0117,TemplateData Infobox,P2 - High,44.4,Critique of Magna Carta (Vol. 8),C Class,943,12,12.73,62.78,False,0.00030120481927710846,0,Integrate TemplateData Infobox with at least 8 key biographical/domain parameters.
SPRINT-0118,#1Lib1Ref Citation Deficit,P3 - Medium,44.3,Critique of General Relativity (Vol. 9),Start Class,639,3,4.69,60.95,True,0.00030120481927710846,0,Add inline reliable citations (#1Lib1Ref). Target at least 5 secondary sources.
SPRINT-0119,#1Lib1Ref Citation Deficit,P3 - Medium,43.7,Contemporary Renaissance Humanism,Start Class,633,3,4.74,46.73,False,0.00030120481927710846,0,Add inline reliable citations (#1Lib1Ref). Target at least 5 secondary sources.
SPRINT-0120,Stub Expansion,P2 - High,43.6,Future Trends in Galapagos Islands,Stub Class,100,1,10.0,39.71,False,0.00030120481927710846,0,Expand lead section beyond stub threshold (>500 words) and add at least 2 structured subheadings.
SPRINT-0121,Stub Expansion,P2 - High,43.6,Philosophy of Nanotechnology (Vol. 8),Start Class,349,1,2.87,55.76,True,0.00030120481927710846,0,Expand lead section beyond stub threshold (>500 words) and add at least 2 structured subheadings.
SPRINT-0122,Stub Expansion,P2 - High,43.6,Foundations of Mount Everest,Start Class,320,1,3.12,37.51,False,0.00030120481927710846,0,Expand lead section beyond stub threshold (>500 words) and add at least 2 structured subheadings.
SPRINT-0123,Stub Expansion,P2 - High,43.6,Contemporary Mesopotamia,Stub Class,249,2,8.03,42.15,False,0.00030120481927710846,0,Expand lead section beyond stub threshold (>500 words) and add at least 2 structured subheadings.
SPRINT-0124,Stub Expansion,P2 - High,43.6,Critique of Industrial Revolution,Start Class,323,1,3.1,41.53,False,0.00030120481927710846,0,Expand lead section beyond stub threshold (>500 words) and add at least 2 structured subheadings.
SPRINT-0125,Stub Expansion,P2 - High,43.6,Regional Study on Nanotechnology (Vol. 4),Stub Class,101,0,0.0,24.16,False,0.00030120481927710846,0,Expand lead section beyond stub threshold (>500 words) and add at least 2 structured subheadings.
SPRINT-0126,Stub Expansion,P2 - High,43.6,Critique of Renaissance Humanism,Stub Class,160,2,12.5,42.78,False,0.00030120481927710846,0,Expand lead section beyond stub threshold (>500 words) and add at least 2 structured subheadings.
SPRINT-0127,Stub Expansion,P2 - High,43.6,Critique of Amazon Rainforest,Stub Class,248,0,0.0,27.56,False,0.00030120481927710846,0,Expand lead section beyond stub threshold (>500 words) and add at least 2 structured subheadings.
SPRINT-0128,Stub Expansion,P2 - High,43.6,Critique of Deep Learning,Stub Class,238,2,8.4,42.47,False,0.00030120481927710846,0,Expand lead section beyond stub threshold (>500 words) and add at least 2 structured subheadings.
SPRINT-0129,Stub Expansion,P2 - High,43.6,Contemporary French Revolution,Stub Class,211,2,9.48,45.46,False,0.00030120481927710846,0,Expand lead section beyond stub threshold (>500 words) and add at least 2 structured subheadings.
SPRINT-0130,Stub Expansion,P2 - High,43.6,Global Impact of Mount Everest (Vol. 4),Stub Class,106,0,0.0,26.42,False,0.00030120481927710846,0,Expand lead section beyond stub threshold (>500 words) and add at least 2 structured subheadings.
SPRINT-0131,Stub Expansion,P2 - High,43.6,Philosophy of Space Race (Vol. 7),Start Class,325,4,12.31,49.71,False,0.00030120481927710846,0,Expand lead section beyond stub threshold (>500 words) and add at least 2 structured subheadings.
SPRINT-0132,Stub Expansion,P2 - High,43.6,Critique of Quantum Computing,Stub Class,160,0,0.0,25.25,False,0.00030120481927710846,0,Expand lead section beyond stub threshold (>500 words) and add at least 2 structured subheadings.
SPRINT-0133,Stub Expansion,P2 - High,43.6,Contemporary Magna Carta (Vol. 3),Stub Class,83,2,24.1,41.33,False,0.00030120481927710846,0,Expand lead section beyond stub threshold (>500 words) and add at least 2 structured subheadings.
SPRINT-0134,Stub Expansion,P2 - High,43.6,Applications of General Relativity,Stub Class,196,1,5.1,34.57,False,0.00030120481927710846,0,Expand lead section beyond stub threshold (>500 words) and add at least 2 structured subheadings.
SPRINT-0135,Stub Expansion,P2 - High,43.6,Contemporary Existentialism,Stub Class,64,0,0.0,20.43,False,0.00030120481927710846,0,Expand lead section beyond stub threshold (>500 words) and add at least 2 structured subheadings.
SPRINT-0136,Stub Expansion,P2 - High,43.6,Global Impact of Mariana Trench,Stub Class,232,2,8.62,42.67,False,0.00030120481927710846,0,Expand lead section beyond stub threshold (>500 words) and add at least 2 structured subheadings.
SPRINT-0137,Stub Expansion,P2 - High,43.6,Contemporary Bauhaus Movement (Vol. 3),Stub Class,246,0,0.0,28.85,False,0.00030120481927710846,0,Expand lead section beyond stub threshold (>500 words) and add at least 2 structured subheadings.
SPRINT-0138,Stub Expansion,P2 - High,43.6,Advanced Bauhaus Movement (Vol. 6),Stub Class,109,0,0.0,21.23,False,0.00030120481927710846,0,Expand lead section beyond stub threshold (>500 words) and add at least 2 structured subheadings.
SPRINT-0139,Stub Expansion,P2 - High,43.6,Critique of Classical Music (Vol. 3),Stub Class,268,1,3.73,49.24,True,0.00030120481927710846,0,Expand lead section beyond stub threshold (>500 words) and add at least 2 structured subheadings.
SPRINT-0140,Stub Expansion,P2 - High,43.6,Future Trends in Constitutional Law,Start Class,338,2,5.92,60.85,True,0.00030120481927710846,0,Expand lead section beyond stub threshold (>500 words) and add at least 2 structured subheadings.
SPRINT-0141,Stub Expansion,P2 - High,43.6,Contemporary Ottoman Empire,Stub Class,83,0,0.0,36.8,True,0.00030120481927710846,0,Expand lead section beyond stub threshold (>500 words) and add at least 2 structured subheadings.
SPRINT-0142,Stub Expansion,P2 - High,43.6,Foundations of Artificial Intelligence,Stub Class,147,0,0.0,26.14,False,0.00030120481927710846,0,Expand lead section beyond stub threshold (>500 words) and add at least 2 structured subheadings.
SPRINT-0143,Stub Expansion,P2 - High,43.6,Applications of French Revolution,Stub Class,120,2,16.67,53.77,True,0.00030120481927710846,0,Expand lead section beyond stub threshold (>500 words) and add at least 2 structured subheadings.
SPRINT-0144,Stub Expansion,P2 - High,43.6,Applications of Microbiome,Stub Class,61,2,32.79,51.46,True,0.00030120481927710846,0,Expand lead section beyond stub threshold (>500 words) and add at least 2 structured subheadings.
SPRINT-0145,Stub Expansion,P2 - High,43.6,Applications of Graphene,Stub Class,102,2,19.61,53.67,True,0.00030120481927710846,0,Expand lead section beyond stub threshold (>500 words) and add at least 2 structured subheadings.
SPRINT-0146,Stub Expansion,P2 - High,43.6,Applications of Renaissance Art,Stub Class,117,2,17.09,39.8,False,0.00030120481927710846,0,Expand lead section beyond stub threshold (>500 words) and add at least 2 structured subheadings.
SPRINT-0147,Stub Expansion,P2 - High,43.6,Introduction to Microbiome,Start Class,325,2,6.15,39.4,False,0.00030120481927710846,0,Expand lead section beyond stub threshold (>500 words) and add at least 2 structured subheadings.
SPRINT-0148,Stub Expansion,P2 - High,43.6,Contemporary Impressionism,Stub Class,121,0,0.0,27.11,False,0.00030120481927710846,0,Expand lead section beyond stub threshold (>500 words) and add at least 2 structured subheadings.
SPRINT-0149,Stub Expansion,P2 - High,43.6,Introduction to Film Noir,Stub Class,78,1,12.82,40.4,False,0.00030120481927710846,0,Expand lead section beyond stub threshold (>500 words) and add at least 2 structured subheadings.
SPRINT-0150,Stub Expansion,P2 - High,43.6,Advanced Great Barrier Reef,Stub Class,264,2,7.58,38.45,False,0.00030120481927710846,0,Expand lead section beyond stub threshold (>500 words) and add at least 2 structured subheadings.
SPRINT-0151,Stub Expansion,P2 - High,43.6,Advanced Homeric Epics,Stub Class,96,2,20.83,42.1,False,0.00030120481927710846,0,Expand lead section beyond stub threshold (>500 words) and add at least 2 structured subheadings.
SPRINT-0152,Stub Expansion,P2 - High,43.6,Principles of Renaissance Humanism (Vol. 8),Stub Class,71,1,14.08,51.66,True,0.00030120481927710846,0,Expand lead section beyond stub threshold (>500 words) and add at least 2 structured subheadings.
SPRINT-0153,Stub Expansion,P2 - High,43.6,Principles of James Webb Space Telescope (Vol. 8),Stub Class,272,0,0.0,31.37,False,0.00030120481927710846,0,Expand lead section beyond stub threshold (>500 words) and add at least 2 structured subheadings.
SPRINT-0154,Stub Expansion,P2 - High,43.6,Contemporary Bauhaus Movement,Stub Class,205,1,4.88,37.81,False,0.00030120481927710846,0,Expand lead section beyond stub threshold (>500 words) and add at least 2 structured subheadings.
SPRINT-0155,Stub Expansion,P2 - High,43.6,History of Magna Carta,Stub Class,233,0,0.0,28.56,False,0.00030120481927710846,0,Expand lead section beyond stub threshold (>500 words) and add at least 2 structured subheadings.
SPRINT-0156,Stub Expansion,P2 - High,43.6,Philosophy of General Relativity,Stub Class,84,1,11.9,37.46,False,0.00030120481927710846,0,Expand lead section beyond stub threshold (>500 words) and add at least 2 structured subheadings.
SPRINT-0157,Stub Expansion,P2 - High,43.6,Foundations of Space Race,Start Class,322,3,9.32,46.71,False,0.00030120481927710846,0,Expand lead section beyond stub threshold (>500 words) and add at least 2 structured subheadings.
SPRINT-0158,Stub Expansion,P2 - High,43.6,Principles of Classical Music,Stub Class,270,2,7.41,54.07,True,0.00030120481927710846,0,Expand lead section beyond stub threshold (>500 words) and add at least 2 structured subheadings.
SPRINT-0159,Stub Expansion,P2 - High,43.6,Regional Study on Harappan Civilization (Vol. 10),Stub Class,154,1,6.49,38.72,False,0.00030120481927710846,0,Expand lead section beyond stub threshold (>500 words) and add at least 2 structured subheadings.
SPRINT-0160,Stub Expansion,P2 - High,43.6,Applications of Ring of Fire,Stub Class,203,1,4.93,37.83,False,0.00030120481927710846,0,Expand lead section beyond stub threshold (>500 words) and add at least 2 structured subheadings.
SPRINT-0161,Stub Expansion,P2 - High,43.6,Regional Study on Universal Declaration of Human Rights,Stub Class,152,0,0.0,26.31,False,0.00030120481927710846,0,Expand lead section beyond stub threshold (>500 words) and add at least 2 structured subheadings.
SPRINT-0162,Stub Expansion,P2 - High,43.6,Global Impact of Deep Learning,Stub Class,249,1,4.02,37.54,False,0.00030120481927710846,0,Expand lead section beyond stub threshold (>500 words) and add at least 2 structured subheadings.
SPRINT-0163,Stub Expansion,P2 - High,43.6,History of Lake Baikal,Stub Class,192,1,5.21,32.62,False,0.00030120481927710846,0,Expand lead section beyond stub threshold (>500 words) and add at least 2 structured subheadings.
SPRINT-0164,Stub Expansion,P2 - High,43.6,Contemporary Galapagos Islands,Stub Class,182,2,10.99,54.71,True,0.00030120481927710846,0,Expand lead section beyond stub threshold (>500 words) and add at least 2 structured subheadings.
SPRINT-0165,Stub Expansion,P2 - High,43.6,Principles of CRISPR Gene Editing,Stub Class,61,0,0.0,21.51,False,0.00030120481927710846,0,Expand lead section beyond stub threshold (>500 words) and add at least 2 structured subheadings.
SPRINT-0166,Stub Expansion,P2 - High,43.6,Regional Study on Lake Baikal,Stub Class,101,0,0.0,20.83,False,0.00030120481927710846,0,Expand lead section beyond stub threshold (>500 words) and add at least 2 structured subheadings.
SPRINT-0167,Stub Expansion,P2 - High,43.6,Contemporary Harappan Civilization,Stub Class,225,1,4.44,35.64,False,0.00030120481927710846,0,Expand lead section beyond stub threshold (>500 words) and add at least 2 structured subheadings.
SPRINT-0168,Stub Expansion,P2 - High,43.6,Foundations of Existentialism,Stub Class,210,1,4.76,32.42,False,0.00030120481927710846,0,Expand lead section beyond stub threshold (>500 words) and add at least 2 structured subheadings.
SPRINT-0169,Stub Expansion,P2 - High,43.6,Philosophy of Sahara Desert (Vol. 3),Stub Class,65,1,15.38,49.11,True,0.00030120481927710846,0,Expand lead section beyond stub threshold (>500 words) and add at least 2 structured subheadings.
SPRINT-0170,Stub Expansion,P2 - High,43.6,Contemporary Microbiome,Start Class,333,2,6.01,42.65,False,0.00030120481927710846,0,Expand lead section beyond stub threshold (>500 words) and add at least 2 structured subheadings.
SPRINT-0171,Stub Expansion,P2 - High,43.6,Regional Study on Mount Everest,Stub Class,96,0,0.0,39.65,True,0.00030120481927710846,0,Expand lead section beyond stub threshold (>500 words) and add at least 2 structured subheadings.
SPRINT-0172,Stub Expansion,P2 - High,43.6,Applications of Space Race,Stub Class,229,2,8.73,39.43,False,0.00030120481927710846,0,Expand lead section beyond stub threshold (>500 words) and add at least 2 structured subheadings.
SPRINT-0173,Stub Expansion,P2 - High,43.6,Future Trends in Artificial Intelligence,Stub Class,220,1,4.55,35.68,False,0.00030120481927710846,0,Expand lead section beyond stub threshold (>500 words) and add at least 2 structured subheadings.
SPRINT-0174,Stub Expansion,P2 - High,43.6,Principles of Deep Learning,Stub Class,251,2,7.97,40.77,False,0.00030120481927710846,0,Expand lead section beyond stub threshold (>500 words) and add at least 2 structured subheadings.
SPRINT-0175,Stub Expansion,P2 - High,43.6,Introduction to Bauhaus Movement,Start Class,346,3,8.67,46.11,False,0.00030120481927710846,0,Expand lead section beyond stub threshold (>500 words) and add at least 2 structured subheadings.
SPRINT-0176,Stub Expansion,P2 - High,43.6,Applications of Impressionism (Vol. 8),Stub Class,225,0,0.0,28.38,False,0.00030120481927710846,0,Expand lead section beyond stub threshold (>500 words) and add at least 2 structured subheadings.
SPRINT-0177,Stub Expansion,P2 - High,43.6,Global Impact of Postmodern Literature,Stub Class,147,1,6.8,48.1,True,0.00030120481927710846,0,Expand lead section beyond stub threshold (>500 words) and add at least 2 structured subheadings.
SPRINT-0178,Stub Expansion,P2 - High,43.6,Contemporary Ancient Alexandria,Stub Class,71,0,0.0,22.31,False,0.00030120481927710846,0,Expand lead section beyond stub threshold (>500 words) and add at least 2 structured subheadings.
SPRINT-0179,Stub Expansion,P2 - High,43.6,Future Trends in Film Noir (Vol. 4),Start Class,344,1,2.91,54.07,True,0.00030120481927710846,0,Expand lead section beyond stub threshold (>500 words) and add at least 2 structured subheadings.
SPRINT-0180,TemplateData Infobox,P2 - High,43.4,Contemporary Quantum Computing,C Class,940,6,6.38,51.73,False,0.00030120481927710846,0,Integrate TemplateData Infobox with at least 8 key biographical/domain parameters.
SPRINT-0181,#1Lib1Ref Citation Deficit,P3 - Medium,43.1,Principles of Film Noir,Start Class,630,3,4.76,62.98,True,0.00030120481927710846,0,Add inline reliable citations (#1Lib1Ref). Target at least 5 secondary sources.
SPRINT-0182,TemplateData Infobox,P2 - High,42.6,Future Trends in Higgs Boson,C Class,908,11,12.11,65.32,False,0.00030120481927710846,0,Integrate TemplateData Infobox with at least 8 key biographical/domain parameters.
SPRINT-0183,#1Lib1Ref Citation Deficit,P3 - Medium,42.4,Advanced Existentialism,Start Class,628,1,1.59,37.43,False,0.00030120481927710846,0,Add inline reliable citations (#1Lib1Ref). Target at least 5 secondary sources.
SPRINT-0184,TemplateData Infobox,P2 - High,41.9,Global Impact of Sahara Desert (Vol. 5),C Class,904,8,8.85,58.43,False,0.00030120481927710846,0,Integrate TemplateData Infobox with at least 8 key biographical/domain parameters.
SPRINT-0185,#1Lib1Ref Citation Deficit,P3 - Medium,41.8,Introduction to Classical Music (Vol. 4),Start Class,612,2,3.27,57.5,True,0.00030120481927710846,0,Add inline reliable citations (#1Lib1Ref). Target at least 5 secondary sources.
SPRINT-0186,TemplateData Infobox,P2 - High,41.4,Regional Study on Epistemology,C Class,901,7,7.77,56.2,False,0.00030120481927710846,0,Integrate TemplateData Infobox with at least 8 key biographical/domain parameters.
SPRINT-0187,TemplateData Infobox,P2 - High,40.9,Regional Study on Baroque Architecture,C Class,854,4,4.68,52.81,False,0.00030120481927710846,0,Integrate TemplateData Infobox with at least 8 key biographical/domain parameters.
SPRINT-0188,#1Lib1Ref Citation Deficit,P3 - Medium,40.8,Regional Study on Constitutional Law,Start Class,609,3,4.93,43.48,False,0.00030120481927710846,0,Add inline reliable citations (#1Lib1Ref). Target at least 5 secondary sources.
SPRINT-0189,#1Lib1Ref Citation Deficit,P3 - Medium,40.8,Contemporary CRISPR Gene Editing,Start Class,609,2,3.28,41.73,False,0.00030120481927710846,0,Add inline reliable citations (#1Lib1Ref). Target at least 5 secondary sources.
SPRINT-0190,TemplateData Infobox,P2 - High,40.0,Global Impact of Existentialism (Vol. 10),C Class,814,8,9.83,62.69,False,0.00030120481927710846,0,Integrate TemplateData Infobox with at least 8 key biographical/domain parameters.
SPRINT-0191,#1Lib1Ref Citation Deficit,P3 - Medium,39.9,Principles of Renaissance Humanism,Start Class,608,2,3.29,56.16,True,0.00030120481927710846,0,Add inline reliable citations (#1Lib1Ref). Target at least 5 secondary sources.
SPRINT-0192,TemplateData Infobox,P3 - Medium,39.0,Introduction to Epistemology,Start Class,721,2,2.77,42.52,False,0.00030120481927710846,0,Integrate TemplateData Infobox with at least 8 key biographical/domain parameters.
SPRINT-0193,#1Lib1Ref Citation Deficit,P3 - Medium,38.6,Philosophy of Behavioral Economics (Vol. 1),Start Class,606,2,3.3,53.4,True,0.00030120481927710846,0,Add inline reliable citations (#1Lib1Ref). Target at least 5 secondary sources.
SPRINT-0194,#1Lib1Ref Citation Deficit,P3 - Medium,38.6,History of Mount Everest,Start Class,606,3,4.95,61.81,True,0.00030120481927710846,0,Add inline reliable citations (#1Lib1Ref). Target at least 5 secondary sources.
SPRINT-0195,#1Lib1Ref Citation Deficit,P3 - Medium,38.6,Critique of Renaissance Humanism (Vol. 10),Start Class,606,1,1.65,38.66,False,0.00030120481927710846,0,Add inline reliable citations (#1Lib1Ref). Target at least 5 secondary sources.
SPRINT-0196,TemplateData Infobox,P3 - Medium,38.2,Applications of Homeric Epics,Start Class,711,2,2.81,42.51,False,0.00030120481927710846,0,Integrate TemplateData Infobox with at least 8 key biographical/domain parameters.
SPRINT-0197,TemplateData Infobox,P3 - Medium,38.2,Principles of Magna Carta (Vol. 3),Start Class,711,3,4.22,41.23,False,0.00030120481927710846,0,Integrate TemplateData Infobox with at least 8 key biographical/domain parameters.
SPRINT-0198,TemplateData Infobox,P3 - Medium,37.5,Global Impact of Great Barrier Reef (Vol. 10),C Class,697,4,5.74,46.0,False,0.00030120481927710846,0,Integrate TemplateData Infobox with at least 8 key biographical/domain parameters.
SPRINT-0199,#1Lib1Ref Citation Deficit,P3 - Medium,37.4,Global Impact of Antarctic Ice Sheet,Start Class,605,2,3.31,59.91,True,0.00030120481927710846,0,Add inline reliable citations (#1Lib1Ref). Target at least 5 secondary sources.
SPRINT-0200,TemplateData Infobox,P3 - Medium,37.0,Contemporary Quantum Computing (Vol. 4),C Class,696,3,4.31,44.58,False,0.00030120481927710846,0,Integrate TemplateData Infobox with at least 8 key biographical/domain parameters.
SPRINT-0201,#1Lib1Ref Citation Deficit,P3 - Medium,36.7,Future Trends in Baroque Architecture,Start Class,597,2,3.35,55.9,True,0.00030120481927710846,0,Add inline reliable citations (#1Lib1Ref). Target at least 5 secondary sources.
SPRINT-0202,TemplateData Infobox,P3 - Medium,36.5,Regional Study on Great Barrier Reef (Vol. 2),C Class,695,3,4.32,44.59,False,0.00030120481927710846,0,Integrate TemplateData Infobox with at least 8 key biographical/domain parameters.
SPRINT-0203,#1Lib1Ref Citation Deficit,P3 - Medium,36.1,Advanced Byzantine Empire,Start Class,586,2,3.41,43.73,False,0.00030120481927710846,0,Add inline reliable citations (#1Lib1Ref). Target at least 5 secondary sources.
SPRINT-0204,TemplateData Infobox,P3 - Medium,36.0,Future Trends in Space Race,Start Class,690,2,2.9,43.82,False,0.00030120481927710846,0,Integrate TemplateData Infobox with at least 8 key biographical/domain parameters.
SPRINT-0205,#1Lib1Ref Citation Deficit,P3 - Medium,35.5,History of Renaissance Humanism,Start Class,585,1,1.71,54.32,True,0.00030120481927710846,0,Add inline reliable citations (#1Lib1Ref). Target at least 5 secondary sources.
SPRINT-0206,TemplateData Infobox,P3 - Medium,35.5,Global Impact of Classical Music (Vol. 2),Start Class,685,1,1.46,39.02,False,0.00030120481927710846,0,Integrate TemplateData Infobox with at least 8 key biographical/domain parameters.
SPRINT-0207,TemplateData Infobox,P3 - Medium,35.0,Principles of Homeric Epics (Vol. 6),Start Class,683,1,1.46,41.01,False,0.00030120481927710846,0,Integrate TemplateData Infobox with at least 8 key biographical/domain parameters.
SPRINT-0208,#1Lib1Ref Citation Deficit,P3 - Medium,34.8,History of Higgs Boson,Start Class,583,3,5.15,44.91,False,0.00030120481927710846,0,Add inline reliable citations (#1Lib1Ref). Target at least 5 secondary sources.
SPRINT-0209,TemplateData Infobox,P3 - Medium,34.6,Regional Study on Higgs Boson (Vol. 1),C Class,679,4,5.89,47.42,False,0.00030120481927710846,0,Integrate TemplateData Infobox with at least 8 key biographical/domain parameters.
SPRINT-0210,#1Lib1Ref Citation Deficit,P3 - Medium,34.2,Principles of Sahara Desert,Start Class,566,3,5.3,63.15,True,0.00030120481927710846,0,Add inline reliable citations (#1Lib1Ref). Target at least 5 secondary sources.
SPRINT-0211,TemplateData Infobox,P3 - Medium,34.1,Contemporary Antarctic Ice Sheet (Vol. 6),Start Class,678,2,2.95,41.8,False,0.00030120481927710846,0,Integrate TemplateData Infobox with at least 8 key biographical/domain parameters.
SPRINT-0212,TemplateData Infobox,P3 - Medium,33.6,Future Trends in Magna Carta,C Class,660,3,4.55,43.33,False,0.00030120481927710846,0,Integrate TemplateData Infobox with at least 8 key biographical/domain parameters.
SPRINT-0213,TemplateData Infobox,P3 - Medium,33.1,Regional Study on Meiji Restoration (Vol. 9),Start Class,657,2,3.04,38.44,False,0.00030120481927710846,0,Integrate TemplateData Infobox with at least 8 key biographical/domain parameters.
SPRINT-0214,#1Lib1Ref Citation Deficit,P3 - Medium,32.9,Contemporary French Revolution (Vol. 4),Start Class,550,3,5.45,47.05,False,0.00030120481927710846,0,Add inline reliable citations (#1Lib1Ref). Target at least 4 secondary sources.
SPRINT-0215,TemplateData Infobox,P3 - Medium,32.6,Regional Study on Sahara Desert,Start Class,653,2,3.06,43.77,False,0.00030120481927710846,0,Integrate TemplateData Infobox with at least 8 key biographical/domain parameters.
SPRINT-0216,#1Lib1Ref Citation Deficit,P3 - Medium,32.3,History of Superconductivity,Start Class,548,2,3.65,42.4,False,0.00030120481927710846,0,Add inline reliable citations (#1Lib1Ref). Target at least 4 secondary sources.
SPRINT-0217,TemplateData Infobox,P3 - Medium,32.1,Global Impact of Sahara Desert,Start Class,641,3,4.68,44.7,False,0.00030120481927710846,0,Integrate TemplateData Infobox with at least 8 key biographical/domain parameters.
SPRINT-0218,#1Lib1Ref Citation Deficit,P3 - Medium,31.7,Critique of Game Theory,Start Class,546,2,3.66,57.9,True,0.00030120481927710846,0,Add inline reliable citations (#1Lib1Ref). Target at least 4 secondary sources.
SPRINT-0219,TemplateData Infobox,P3 - Medium,31.6,Contemporary Renaissance Humanism,Start Class,633,3,4.74,46.73,False,0.00030120481927710846,0,Integrate TemplateData Infobox with at least 8 key biographical/domain parameters.
SPRINT-0220,TemplateData Infobox,P3 - Medium,31.1,Advanced Existentialism,Start Class,628,1,1.59,37.43,False,0.00030120481927710846,0,Integrate TemplateData Infobox with at least 8 key biographical/domain parameters.
SPRINT-0221,#1Lib1Ref Citation Deficit,P3 - Medium,31.0,Advanced Baroque Architecture (Vol. 3),Start Class,545,1,1.83,38.38,False,0.00030120481927710846,0,Add inline reliable citations (#1Lib1Ref). Target at least 4 secondary sources.
SPRINT-0222,TemplateData Infobox,P3 - Medium,30.4,Regional Study on Constitutional Law,Start Class,609,3,4.93,43.48,False,0.00030120481927710846,0,Integrate TemplateData Infobox with at least 8 key biographical/domain parameters.
SPRINT-0223,TemplateData Infobox,P3 - Medium,30.4,Contemporary CRISPR Gene Editing,Start Class,609,2,3.28,41.73,False,0.00030120481927710846,0,Integrate TemplateData Infobox with at least 8 key biographical/domain parameters.
SPRINT-0224,#1Lib1Ref Citation Deficit,P3 - Medium,30.4,Philosophy of Sahara Desert,Start Class,537,1,1.86,42.34,False,0.00030120481927710846,0,Add inline reliable citations (#1Lib1Ref). Target at least 4 secondary sources.
SPRINT-0225,TemplateData Infobox,P3 - Medium,29.7,Critique of Renaissance Humanism (Vol. 10),Start Class,606,1,1.65,38.66,False,0.00030120481927710846,0,Integrate TemplateData Infobox with at least 8 key biographical/domain parameters.
SPRINT-0226,TemplateData Infobox,P3 - Medium,29.2,Advanced Byzantine Empire,Start Class,586,2,3.41,43.73,False,0.00030120481927710846,0,Integrate TemplateData Infobox with at least 8 key biographical/domain parameters.
SPRINT-0227,#1Lib1Ref Citation Deficit,P3 - Medium,29.1,Advanced Lake Baikal,Start Class,522,2,3.83,59.92,True,0.00030120481927710846,0,Add inline reliable citations (#1Lib1Ref). Target at least 4 secondary sources.
SPRINT-0228,TemplateData Infobox,P3 - Medium,28.7,History of Higgs Boson,Start Class,583,3,5.15,44.91,False,0.00030120481927710846,0,Integrate TemplateData Infobox with at least 8 key biographical/domain parameters.
SPRINT-0229,#1Lib1Ref Citation Deficit,P3 - Medium,28.5,Foundations of Sociology of Knowledge (Vol. 1),Start Class,521,2,3.84,57.5,True,0.00030120481927710846,0,Add inline reliable citations (#1Lib1Ref). Target at least 4 secondary sources.
SPRINT-0230,TemplateData Infobox,P3 - Medium,28.2,Regional Study on Renaissance Humanism (Vol. 6),Start Class,566,4,7.07,48.23,False,0.00030120481927710846,0,Integrate TemplateData Infobox with at least 8 key biographical/domain parameters.
SPRINT-0231,#1Lib1Ref Citation Deficit,P3 - Medium,27.9,Critique of Ring of Fire,Start Class,508,3,5.91,54.49,True,0.00030120481927710846,0,Add inline reliable citations (#1Lib1Ref). Target at least 4 secondary sources.
SPRINT-0232,TemplateData Infobox,P3 - Medium,27.7,Foundations of Microbiome (Vol. 7),Start Class,565,4,7.08,46.91,False,0.00030120481927710846,0,Integrate TemplateData Infobox with at least 8 key biographical/domain parameters.
SPRINT-0233,#1Lib1Ref Citation Deficit,P3 - Medium,27.2,Future Trends in Postmodern Literature,Start Class,507,3,5.92,59.83,True,0.00030120481927710846,0,Add inline reliable citations (#1Lib1Ref). Target at least 4 secondary sources.
SPRINT-0234,TemplateData Infobox,P3 - Medium,27.2,Contemporary French Revolution (Vol. 4),Start Class,550,3,5.45,47.05,False,0.00030120481927710846,0,Integrate TemplateData Infobox with at least 8 key biographical/domain parameters.
SPRINT-0235,TemplateData Infobox,P3 - Medium,26.7,History of Superconductivity,Start Class,548,2,3.65,42.4,False,0.00030120481927710846,0,Integrate TemplateData Infobox with at least 8 key biographical/domain parameters.
SPRINT-0236,#1Lib1Ref Citation Deficit,P3 - Medium,26.6,Contemporary Kabuki Theatre,Start Class,506,2,3.95,41.76,False,0.00030120481927710846,0,Add inline reliable citations (#1Lib1Ref). Target at least 4 secondary sources.
SPRINT-0237,TemplateData Infobox,P3 - Medium,26.2,Advanced Baroque Architecture (Vol. 3),Start Class,545,1,1.83,38.38,False,0.00030120481927710846,0,Integrate TemplateData Infobox with at least 8 key biographical/domain parameters.
SPRINT-0238,TemplateData Infobox,P3 - Medium,25.2,Philosophy of Sahara Desert,Start Class,537,1,1.86,42.34,False,0.00030120481927710846,0,Integrate TemplateData Infobox with at least 8 key biographical/domain parameters.
SPRINT-0239,TemplateData Infobox,P3 - Medium,24.8,Contemporary Kabuki Theatre,Start Class,506,2,3.95,41.76,False,0.00030120481927710846,0,Integrate TemplateData Infobox with at least 8 key biographical/domain parameters.
SPRINT-0240,TemplateData Infobox,P3 - Medium,24.3,Applications of Epistemology,Start Class,497,1,2.01,36.83,False,0.00030120481927710846,0,Integrate TemplateData Infobox with at least 8 key biographical/domain parameters.
SPRINT-0241,TemplateData Infobox,P3 - Medium,23.8,Contemporary Artificial Intelligence,Start Class,496,3,6.05,42.08,False,0.00030120481927710846,0,Integrate TemplateData Infobox with at least 8 key biographical/domain parameters.
SPRINT-0242,TemplateData Infobox,P3 - Medium,23.3,Regional Study on Thermodynamics,Start Class,492,1,2.03,36.8,False,0.00030120481927710846,0,Integrate TemplateData Infobox with at least 8 key biographical/domain parameters.
SPRINT-0243,TemplateData Infobox,P3 - Medium,22.8,Foundations of Classical Music,Start Class,472,3,6.36,46.28,False,0.00030120481927710846,0,Integrate TemplateData Infobox with at least 8 key biographical/domain parameters.
